Unnamed: 0,Age,Sex,Job,Housing,Saving accounts,Checking account,Credit amount,Duration,Purpose,Risk
0,67,male,2,own,,little,1169,6,radio/TV,Good
1,22,female,2,own,little,moderate,5951,48,radio/TV,Bad
2,49,male,1,own,little,,2096,12,education,Good
3,45,male,2,free,little,little,7882,42,furniture/equipment,Good
4,53,male,2,free,little,little,4870,24,car,Good
5,35,male,1,free,,,9055,36,education,Bad
6,53,male,2,own,quite rich,,2835,24,furniture/equipment,Good
7,35,male,3,rent,little,moderate,6948,36,car,Good
8,61,male,1,own,rich,,3059,12,radio/TV,Good
9,28,male,3,own,little,moderate,5234,30,car,Bad
10,25,female,2,rent,little,moderate,1295,12,car,Good
11,24,female,2,rent,little,little,4308,48,business,Good
12,22,female,2,own,little,moderate,1567,12,radio/TV,Good
13,60,male,1,own,little,little,1199,24,car,Good
14,28,female,2,rent,little,little,1403,15,car,Bad
15,32,female,1,own,moderate,little,1282,24,radio/TV,Good
16,53,male,2,own,,,2424,24,radio/TV,Bad
17,25,male,2,own,,little,8072,30,business,Bad
18,44,female,3,free,little,moderate,12579,24,car,Bad
19,31,male,2,own,quite rich,,3430,24,radio/TV,Good
20,48,male,2,own,little,,2134,9,car,Bad
21,44,male,2,rent,quite rich,little,2647,6,radio/TV,Good
22,48,male,1,rent,little,little,2241,10,car,Bad
23,44,male,2,own,moderate,moderate,1804,12,car,Bad
24,26,male,2,own,,,2069,10,furniture/equipment,Bad
25,36,male,1,own,little,little,1374,6,furniture/equipment,Bad
26,39,male,1,own,little,,426,6,radio/TV,Bad
27,42,female,2,rent,rich,rich,409,12,radio/TV,Bad
28,34,male,2,own,little,moderate,2415,7,radio/TV,Bad
29,63,male,2,own,little,little,6836,60,business,Bad
30,36,male,2,own,rich,moderate,1913,18,business,Good
31,27,male,2,own,little,little,4020,24,furniture/equipment,Good
32,30,male,2,own,moderate,moderate,5866,18,car,Bad
33,57,male,1,rent,,,1264,12,business,Bad
34,33,female,3,own,little,rich,1474,12,furniture/equipment,Bad
35,25,male,1,own,little,moderate,4746,45,radio/TV,Good
36,31,male,2,free,little,,6110,48,education,Bad
37,37,male,2,own,little,rich,2100,18,radio/TV,Good
38,37,male,2,own,little,rich,1225,10,domestic appliances,Good
39,24,male,2,own,little,moderate,458,9,radio/TV,Good
40,30,male,3,own,quite rich,,2333,30,radio/TV,Good
41,26,male,2,own,quite rich,moderate,1158,12,radio/TV,Good
42,44,male,1,own,little,moderate,6204,18,repairs,Bad
43,24,male,2,rent,moderate,little,6187,30,car,Bad
44,58,female,1,free,little,little,6143,48,car,Bad
45,35,female,3,own,little,,1393,11,car,Bad
46,39,male,2,own,quite rich,,2299,36,radio/TV,Bad
47,23,female,0,rent,quite rich,little,1352,6,car,Good
48,39,male,1,own,little,,7228,11,car,Bad
49,28,female,2,own,moderate,,2073,12,radio/TV,Bad
50,29,male,1,own,,moderate,2333,24,furniture/equipment,Good
51,30,male,3,own,little,moderate,5965,27,car,Bad
52,25,male,2,own,little,,1262,12,radio/TV,Good
53,31,male,2,own,,,3378,18,car,Bad
54,57,male,2,free,little,moderate,2225,36,car,Good
55,26,male,1,own,,,783,6,car,Bad
56,52,male,3,own,,moderate,6468,12,radio/TV,Bad
57,31,female,2,own,little,,9566,36,radio/TV,Good
58,23,female,3,own,little,rich,1961,18,car,Good
59,23,female,1,rent,little,little,6229,36,furniture/equipment,Good
60,27,male,2,own,little,moderate,1391,9,business,Good
61,50,male,2,own,,moderate,1537,15,radio/TV,Good
62,61,male,3,free,little,moderate,1953,36,business,Good
63,25,male,2,own,little,moderate,14421,48,business,Good
64,26,female,2,own,little,,3181,24,radio/TV,Good
65,48,male,2,own,,,5190,27,repairs,Bad
66,29,female,2,own,little,,2171,12,radio/TV,Bad
67,22,male,2,own,rich,moderate,1007,12,car,Good
68,37,male,2,free,little,,1819,36,education,Bad
69,25,female,2,own,,,2394,36,radio/TV,Bad
70,30,female,2,own,little,,8133,36,car,Bad
71,46,male,1,rent,,,730,7,radio/TV,Bad
72,51,male,3,free,little,little,1164,8,vacation/others,Good
73,41,female,1,own,little,moderate,5954,42,business,Bad
74,40,male,3,own,,little,1977,36,education,Good
75,66,male,3,free,little,little,1526,12,car,Bad
76,34,male,2,own,little,little,3965,42,radio/TV,Bad
77,51,male,2,own,little,moderate,4771,11,radio/TV,Bad
78,39,male,1,own,,,9436,54,car,Good
79,22,male,2,own,little,moderate,3832,30,furniture/equipment,Bad
80,44,female,2,own,,,5943,24,radio/TV,Good
81,47,male,2,own,quite rich,,1213,15,radio/TV,Bad
82,24,female,1,rent,moderate,,1568,18,business,Good
83,58,female,1,own,little,little,1755,24,vacation/others,Bad
84,52,male,1,own,little,little,2315,10,radio/TV,Good
85,29,female,3,own,little,,1412,12,business,Good
86,27,female,2,own,little,moderate,1295,18,furniture/equipment,Bad
87,47,male,2,free,moderate,moderate,12612,36,education,Good
88,30,male,3,own,moderate,little,2249,18,car,Bad
89,28,male,2,own,little,little,1108,12,repairs,Bad
90,56,male,2,own,little,,618,12,radio/TV,Bad
91,54,male,2,own,little,little,1409,12,car,Bad
92,33,female,1,own,,,797,12,radio/TV,Bad
93,20,male,2,rent,,rich,3617,24,furniture/equipment,Bad
94,54,male,2,own,rich,moderate,1318,12,car,Bad
95,58,male,2,rent,little,moderate,15945,54,business,Bad
96,61,female,2,own,,,2012,12,education,Bad
97,34,male,2,own,moderate,moderate,2622,18,business,Bad
98,36,male,2,own,little,moderate,2337,36,radio/TV,Bad
99,36,male,3,rent,,moderate,7057,20,car,Good
100,41,male,1,rent,moderate,,1469,24,car,Good
101,24,male,2,rent,little,moderate,2323,36,radio/TV,Bad
102,24,female,2,own,little,,932,6,radio/TV,Bad
103,35,male,2,rent,little,moderate,1919,9,furniture/equipment,Bad
104,26,male,2,rent,,,2445,12,car,Bad
105,39,male,3,own,little,moderate,11938,24,vacation/others,Bad
106,39,male,3,own,little,,6458,18,car,Bad
107,32,male,2,own,little,moderate,6078,12,car,Bad
108,30,female,2,own,,little,7721,24,furniture/equipment,Bad
109,35,male,2,own,quite rich,moderate,1410,14,business,Good
110,31,male,2,own,moderate,moderate,1449,6,business,Bad
111,23,female,2,rent,little,rich,392,15,education,Good
112,28,male,1,rent,little,moderate,6260,18,car,Bad
113,25,female,2,own,little,,7855,36,car,Bad
114,35,male,2,own,quite rich,little,1680,12,radio/TV,Good
115,47,male,2,own,,,3578,48,radio/TV,Bad
116,30,female,3,own,,little,7174,42,radio/TV,Good
117,27,female,2,rent,,little,2132,10,furniture/equipment,Bad
118,23,female,2,own,quite rich,little,4281,33,furniture/equipment,Bad
119,36,male,3,own,quite rich,moderate,2366,12,car,Good
120,25,female,2,own,little,little,1835,21,radio/TV,Bad
121,41,female,3,rent,little,,3868,24,car,Good
122,24,male,1,rent,little,,1768,12,furniture/equipment,Bad
123,63,male,2,free,little,rich,781,10,car,Good
124,27,female,2,rent,,moderate,1924,18,furniture/equipment,Good
125,30,male,2,own,little,little,2121,12,car,Bad
126,40,male,1,own,little,little,701,12,radio/TV,Bad
127,30,male,2,own,little,moderate,639,12,repairs,Good
128,34,male,3,own,little,moderate,1860,12,car,Bad
129,29,female,2,own,little,little,3499,12,car,Bad
130,24,female,2,own,,moderate,8487,48,car,Bad
131,29,male,2,own,little,little,6887,36,education,Good
132,27,male,1,own,little,,2708,15,furniture/equipment,Good
133,47,male,2,free,little,,1984,18,furniture/equipment,Good
134,21,female,2,own,moderate,,10144,60,radio/TV,Good
135,38,female,2,own,,,1240,12,radio/TV,Good
136,27,male,2,own,rich,,8613,27,car,Good
137,66,male,1,own,quite rich,moderate,766,12,radio/TV,Good
138,35,male,2,own,,moderate,2728,15,radio/TV,Good
139,44,female,1,rent,little,rich,1881,12,radio/TV,Good
140,27,male,0,own,rich,rich,709,6,car,Bad
141,30,female,3,own,little,moderate,4795,36,radio/TV,Good
142,27,male,3,own,little,little,3416,27,radio/TV,Bad
143,22,male,2,own,little,little,2462,18,furniture/equipment,Bad
144,23,female,2,own,little,,2288,21,furniture/equipment,Bad
145,30,male,2,own,moderate,moderate,3566,48,business,Good
146,39,female,2,own,little,little,860,6,car,Good
147,51,female,2,own,moderate,,682,12,car,Good
148,28,male,2,own,little,little,5371,36,furniture/equipment,Good
149,46,male,2,own,rich,,1582,18,radio/TV,Bad
150,42,male,2,free,moderate,,1346,6,radio/TV,Good
151,38,male,2,own,little,,1924,10,radio/TV,Good
152,24,male,2,own,little,rich,5848,36,radio/TV,Good
153,29,female,2,rent,rich,moderate,7758,24,car,Good
154,36,male,3,rent,moderate,moderate,6967,24,business,Good
155,20,female,2,rent,little,little,1282,12,furniture/equipment,Bad
156,48,male,2,own,moderate,little,1288,9,repairs,Good
157,45,male,1,own,little,little,339,12,education,Bad
158,38,male,2,own,moderate,moderate,3512,24,car,Good
159,34,male,1,own,,,1898,6,radio/TV,Bad
160,36,male,2,own,moderate,,2872,24,radio/TV,Good
161,30,female,2,own,little,,1055,18,car,Good
162,36,male,2,own,quite rich,,1262,15,domestic appliances,Bad
163,70,male,3,free,little,moderate,7308,10,car,Bad
164,36,male,2,own,quite rich,,909,36,car,Bad
165,32,male,2,own,quite rich,,2978,6,furniture/equipment,Good
166,33,female,2,own,little,little,1131,18,furniture/equipment,Bad
167,20,female,2,own,rich,moderate,1577,11,furniture/equipment,Good
168,25,female,2,rent,little,,3972,24,furniture/equipment,Good
169,31,male,2,own,little,moderate,1935,24,business,Bad
170,33,male,2,rent,little,little,950,15,car,Bad
171,26,female,2,own,little,,763,12,furniture/equipment,Good
172,34,female,3,own,little,moderate,2064,24,furniture/equipment,Good
173,33,male,2,own,little,moderate,1414,8,radio/TV,Bad
174,26,male,2,own,little,little,3414,21,education,Bad
175,53,female,3,own,,,7485,30,car,Bad
176,42,male,2,own,little,little,2577,12,furniture/equipment,Good
177,52,male,2,own,quite rich,little,338,6,radio/TV,Good
178,31,male,3,rent,little,,1963,12,radio/TV,Good
179,65,male,2,own,little,little,571,21,car,Good
180,28,male,2,own,little,,9572,36,business,Good
181,30,male,3,own,little,moderate,4455,36,business,Good
182,40,male,1,own,,little,1647,21,car,Bad
183,50,male,2,own,rich,,3777,24,furniture/equipment,Good
184,36,male,2,own,little,moderate,884,18,car,Good
185,31,male,2,own,little,,1360,15,radio/TV,Good
186,74,female,3,free,little,moderate,5129,9,car,Bad
187,68,male,0,free,little,moderate,1175,16,car,Good
188,20,male,2,own,moderate,little,674,12,radio/TV,Good
189,33,female,2,own,little,moderate,3244,18,furniture/equipment,Bad
190,54,male,3,own,rich,,4591,24,business,Good
191,34,male,1,free,moderate,moderate,3844,48,business,Good
192,36,male,2,own,little,moderate,3915,27,business,Good
193,29,male,2,rent,little,,2108,6,radio/TV,Good
194,21,male,2,rent,moderate,moderate,3031,45,radio/TV,Good
195,34,female,3,own,little,moderate,1501,9,education,Bad
196,28,female,2,own,little,,1382,6,radio/TV,Bad
197,27,female,2,rent,moderate,moderate,951,12,furniture/equipment,Bad
198,36,male,2,free,,moderate,2760,24,car,Good
199,40,male,3,own,little,moderate,4297,18,furniture/equipment,Good
200,52,male,2,own,quite rich,,936,9,education,Good
201,27,male,1,own,little,little,1168,12,car,Bad
202,26,male,2,own,little,,5117,27,business,Good
203,21,male,2,rent,little,little,902,12,education,Good
204,38,male,1,own,little,,1495,12,car,Bad
205,38,male,3,free,little,little,10623,30,car,Good
206,43,male,2,own,little,,1935,12,furniture/equipment,Bad
207,26,male,2,own,little,moderate,1424,12,domestic appliances,Bad
208,21,male,1,own,little,little,6568,24,business,Bad
209,55,male,2,own,rich,,1413,12,car,Good
210,33,male,2,own,,,3074,9,radio/TV,Good
211,45,female,1,own,,,3835,36,radio/TV,Good
212,50,male,2,own,little,little,5293,27,business,Good
213,66,male,3,own,little,rich,1908,30,business,Good
214,51,male,2,own,,,3342,36,radio/TV,Good
215,39,female,1,own,,moderate,932,6,education,Good
216,31,male,2,own,little,little,3104,18,business,Bad
217,23,male,2,own,little,rich,3913,36,radio/TV,Good
218,24,male,1,rent,little,little,3021,24,furniture/equipment,Bad
219,64,female,2,own,little,,1364,10,car,Good
220,26,male,1,own,little,moderate,625,12,radio/TV,Good
221,23,female,2,rent,,little,1200,12,education,Good
222,30,male,2,own,little,,707,12,radio/TV,Bad
223,32,male,2,own,,,2978,24,business,Bad
224,30,male,2,own,little,,4657,15,car,Bad
225,27,male,2,own,little,,2613,36,repairs,Bad
226,27,male,2,own,rich,moderate,10961,48,radio/TV,Good
227,53,male,3,free,little,little,7865,12,furniture/equipment,Bad
228,22,male,2,own,little,,1478,9,radio/TV,Good
229,22,male,2,free,little,little,3149,24,furniture/equipment,Good
230,26,male,2,own,little,rich,4210,36,radio/TV,Bad
231,51,male,1,free,quite rich,,2507,9,car,Bad
232,35,male,2,own,moderate,,2141,12,radio/TV,Bad
233,25,male,1,own,little,moderate,866,18,radio/TV,Bad
234,42,male,1,own,little,,1544,4,radio/TV,Bad
235,30,male,3,own,little,little,1823,24,radio/TV,Bad
236,23,male,0,own,,moderate,14555,6,car,Bad
237,61,male,1,rent,moderate,moderate,2767,21,business,Bad
238,35,female,2,own,little,,1291,12,radio/TV,Good
239,39,male,2,own,little,little,2522,30,radio/TV,Bad
240,29,female,2,own,,little,915,24,car,Bad
241,51,male,2,own,little,,1595,6,radio/TV,Good
242,24,male,2,free,little,little,4605,48,car,Bad
243,27,female,2,own,little,,1185,12,business,Good
244,35,female,1,own,quite rich,,3447,12,education,Good
245,25,male,2,own,little,,1258,24,business,Bad
246,52,male,2,own,little,,717,12,radio/TV,Good
247,35,male,2,rent,moderate,,1204,6,car,Good
248,26,male,2,own,little,rich,1925,24,furniture/equipment,Good
249,22,female,2,rent,little,,433,18,radio/TV,Good
250,39,female,1,own,rich,little,666,6,car,Bad
251,46,female,1,own,little,rich,2251,12,furniture/equipment,Good
252,24,female,2,own,little,moderate,2150,30,car,Bad
253,35,male,2,own,moderate,,4151,24,furniture/equipment,Good
254,24,male,2,own,,moderate,2030,9,furniture/equipment,Good
255,27,male,1,own,,moderate,7418,60,radio/TV,Good
256,35,male,1,own,little,,2684,24,radio/TV,Good
257,29,male,2,free,little,little,2149,12,radio/TV,Bad
258,23,female,2,own,moderate,,3812,15,car,Bad
259,57,female,1,own,moderate,,1154,11,radio/TV,Good
260,27,male,2,own,little,little,1657,12,furniture/equipment,Good
261,55,female,2,own,little,little,1603,24,radio/TV,Bad
262,36,male,3,free,little,little,5302,18,car,Good
263,57,female,1,free,little,,2748,12,education,Good
264,32,male,1,own,little,,1231,10,car,Good
265,37,male,2,own,little,moderate,802,15,radio/TV,Bad
266,36,male,2,own,,,6304,36,business,Bad
267,38,female,2,own,little,,1533,24,radio/TV,Bad
268,45,male,3,own,little,little,8978,14,car,Good
269,25,male,2,own,,,999,24,radio/TV,Good
270,32,male,2,own,,,2662,18,car,Bad
271,37,female,2,rent,quite rich,,1402,12,furniture/equipment,Bad
272,36,male,3,free,,moderate,12169,48,car,Bad
273,28,male,2,own,little,moderate,3060,48,radio/TV,Bad
274,34,male,1,own,little,little,11998,30,repairs,Good
275,32,male,2,own,little,,2697,9,radio/TV,Bad
276,26,female,2,own,little,,2404,18,radio/TV,Good
277,49,male,1,own,,little,1262,12,furniture/equipment,Bad
278,32,female,2,own,little,,4611,6,furniture/equipment,Good
279,29,male,3,rent,moderate,,1901,24,radio/TV,Bad
280,23,male,2,rent,rich,,3368,15,car,Bad
281,50,male,2,own,little,,1574,12,furniture/equipment,Bad
282,49,male,1,own,,rich,1445,18,radio/TV,Bad
283,63,male,2,own,,,1520,15,furniture/equipment,Good
284,37,male,2,own,moderate,moderate,3878,24,car,Bad
285,35,female,1,own,little,little,10722,47,car,Good
286,26,male,2,own,little,little,4788,48,car,Good
287,31,male,3,free,moderate,moderate,7582,48,vacation/others,Good
288,49,female,2,own,little,moderate,1092,12,radio/TV,Good
289,48,male,2,own,little,little,1024,24,radio/TV,Bad
290,26,male,2,own,little,,1076,12,business,Good
291,28,male,3,rent,little,moderate,9398,36,car,Good
292,44,female,3,free,little,little,6419,24,car,Good
293,56,male,2,free,little,rich,4796,42,car,Bad
294,46,male,3,own,,,7629,48,business,Bad
295,26,female,2,own,little,moderate,9960,48,furniture/equipment,Bad
296,20,female,2,rent,,,4675,12,car,Bad
297,45,male,1,own,,,1287,10,car,Good
298,43,male,2,own,little,,2515,18,furniture/equipment,Good
299,32,male,2,own,rich,moderate,2745,21,furniture/equipment,Bad
300,54,female,0,own,little,,672,6,car,Good
301,42,female,2,own,little,moderate,3804,36,radio/TV,Good
302,37,male,1,own,,rich,1344,24,car,Good
303,49,male,2,own,little,little,1038,10,car,Bad
304,44,male,2,free,quite rich,,10127,48,car,Bad
305,33,male,2,own,rich,,1543,6,furniture/equipment,Good
306,24,female,1,rent,,,4811,30,car,Bad
307,33,male,1,own,moderate,little,727,12,radio/TV,Bad
308,24,female,2,own,little,moderate,1237,8,furniture/equipment,Bad
309,22,male,1,rent,little,moderate,276,9,car,Bad
310,40,male,0,free,,moderate,5381,48,vacation/others,Bad
311,25,male,2,own,moderate,,5511,24,furniture/equipment,Good
312,26,female,2,own,little,rich,3749,24,furniture/equipment,Bad
313,25,male,1,own,little,moderate,685,12,car,Good
314,29,male,1,own,,rich,1494,4,car,Good
315,31,male,2,own,little,little,2746,36,furniture/equipment,Bad
316,38,male,1,own,little,little,708,12,furniture/equipment,Good
317,48,female,1,own,,moderate,4351,24,furniture/equipment,Good
318,32,male,2,own,little,,701,12,education,Good
319,27,female,1,own,little,little,3643,15,furniture/equipment,Bad
320,28,male,3,own,little,moderate,4249,30,car,Bad
321,32,male,2,own,little,little,1938,24,radio/TV,Good
322,34,male,3,free,little,little,2910,24,car,Bad
323,28,male,2,own,rich,little,2659,18,furniture/equipment,Bad
324,36,female,2,own,little,,1028,18,car,Bad
325,39,male,1,own,little,little,3398,8,car,Bad
326,49,male,2,rent,,,5801,12,furniture/equipment,Good
327,34,female,2,own,rich,,1525,24,car,Good
328,31,male,2,own,little,rich,4473,36,radio/TV,Bad
329,28,male,2,own,little,moderate,1068,6,radio/TV,Bad
330,75,male,3,free,little,little,6615,24,car,Good
331,30,female,2,own,moderate,,1864,18,education,Good
332,24,female,3,own,moderate,moderate,7408,60,car,Bad
333,24,female,1,rent,moderate,,11590,48,car,Good
334,23,male,2,rent,little,little,4110,24,furniture/equipment,Bad
335,44,male,3,rent,little,little,3384,6,furniture/equipment,Bad
336,23,female,1,own,little,moderate,2101,13,radio/TV,Good
337,24,female,2,rent,,little,1275,15,domestic appliances,Good
338,28,male,2,own,little,little,4169,24,furniture/equipment,Bad
339,31,male,1,own,little,moderate,1521,10,furniture/equipment,Bad
340,24,female,2,free,little,moderate,5743,24,education,Good
341,26,female,1,rent,little,little,3599,21,furniture/equipment,Bad
342,25,male,2,rent,quite rich,moderate,3213,18,radio/TV,Good
343,33,male,3,own,little,moderate,4439,18,business,Bad
344,37,male,1,own,little,rich,3949,10,car,Good
345,43,female,1,own,little,,1459,15,radio/TV,Good
346,23,male,2,own,little,moderate,882,13,radio/TV,Good
347,23,female,0,rent,quite rich,moderate,3758,24,radio/TV,Bad
348,34,male,1,own,moderate,,1743,6,business,Bad
349,32,male,2,free,rich,moderate,1136,9,education,Good
350,23,female,2,rent,little,,1236,9,domestic appliances,Bad
351,29,female,2,own,little,moderate,959,9,furniture/equipment,Good
352,38,male,3,own,,,3229,18,car,Good
353,28,male,2,rent,little,little,6199,12,radio/TV,Bad
354,46,male,2,free,quite rich,,727,10,education,Bad
355,23,male,1,own,little,moderate,1246,24,car,Good
356,49,male,2,own,,,2331,12,radio/TV,Bad
357,26,male,3,own,little,,4463,36,radio/TV,Bad
358,28,male,2,own,little,,776,12,radio/TV,Good
359,23,female,2,rent,little,little,2406,30,furniture/equipment,Good
360,61,male,2,free,,moderate,1239,18,education,Bad
361,37,male,3,own,,rich,3399,12,radio/TV,Good
362,36,female,2,own,little,rich,2247,12,car,Good
363,21,male,2,rent,little,,1766,6,furniture/equipment,Bad
364,25,male,0,own,little,little,2473,18,furniture/equipment,Good
365,36,male,2,own,little,,1542,12,business,Good
366,27,male,2,own,little,,3850,18,car,Bad
367,22,female,2,rent,little,little,3650,18,furniture/equipment,Bad
368,42,male,2,own,little,little,3446,36,furniture/equipment,Good
369,40,female,2,rent,little,moderate,3001,18,furniture/equipment,Good
370,36,male,2,own,,,3079,36,car,Bad
371,33,male,2,own,little,,6070,18,radio/TV,Bad
372,23,female,2,rent,little,,2146,10,furniture/equipment,Bad
373,63,male,3,free,,,13756,60,car,Bad
374,60,female,3,free,moderate,moderate,14782,60,vacation/others,Good
375,37,female,2,rent,little,little,7685,48,business,Bad
376,34,male,2,own,little,,2320,18,radio/TV,Bad
377,36,male,2,free,,,846,7,radio/TV,Good
378,57,male,3,free,little,moderate,14318,36,car,Bad
379,52,female,1,own,moderate,,362,6,car,Good
380,39,male,2,own,,little,2212,20,furniture/equipment,Bad
381,38,female,3,free,little,moderate,12976,18,car,Bad
382,25,female,2,rent,,,1283,22,car,Bad
383,26,male,2,own,little,rich,1330,12,car,Good
384,26,male,1,own,moderate,,4272,30,business,Good
385,25,female,2,own,little,,2238,18,radio/TV,Bad
386,21,female,2,rent,,,1126,18,radio/TV,Good
387,40,male,3,own,little,moderate,7374,18,furniture/equipment,Good
388,27,male,2,own,quite rich,moderate,2326,15,business,Good
389,27,female,2,own,little,,1449,9,business,Good
390,30,male,3,own,little,,1820,18,car,Good
391,19,female,1,rent,rich,moderate,983,12,furniture/equipment,Good
392,39,male,3,free,little,little,3249,36,car,Bad
393,31,female,2,own,little,little,1957,6,radio/TV,Bad
394,31,male,3,own,little,,2406,9,furniture/equipment,Good
395,32,male,2,rent,moderate,moderate,11760,39,education,Bad
396,55,female,3,free,little,little,2578,12,furniture/equipment,Bad
397,46,male,2,own,little,little,2348,36,furniture/equipment,Bad
398,46,male,2,rent,little,moderate,1223,12,car,Bad
399,43,female,1,own,rich,,1516,24,radio/TV,Good
400,39,male,2,own,little,,1473,18,radio/TV,Bad
401,28,male,2,own,,moderate,1887,18,business,Bad
402,27,male,2,own,little,,8648,24,business,Good
403,27,male,1,own,little,,802,14,car,Good
404,43,male,2,own,,moderate,2899,18,car,Bad
405,22,male,2,own,little,moderate,2039,24,radio/TV,Bad
406,43,male,2,own,,,2197,24,car,Bad
407,27,male,2,own,little,little,1053,15,radio/TV,Bad
408,26,male,3,own,quite rich,,3235,24,radio/TV,Bad
409,28,male,2,own,quite rich,rich,939,12,car,Bad
410,20,female,2,own,little,moderate,1967,24,radio/TV,Good
411,35,male,3,own,little,,7253,33,car,Bad
412,42,male,3,own,little,,2292,12,business,Bad
413,40,male,1,rent,quite rich,,1597,10,car,Good
414,35,female,2,own,,little,1381,24,car,Good
415,35,male,2,own,little,,5842,36,car,Good
416,33,male,1,own,little,little,2579,12,car,Good
417,23,female,2,rent,,little,8471,18,education,Bad
418,31,female,3,own,quite rich,,2782,21,car,Bad
419,33,female,2,own,,moderate,1042,18,car,Bad
420,20,female,2,rent,rich,,3186,15,car,Bad
421,30,male,2,own,,moderate,2028,12,car,Bad
422,47,male,1,own,little,moderate,958,12,car,Bad
423,34,male,3,own,moderate,,1591,21,furniture/equipment,Good
424,25,female,2,own,,moderate,2762,12,furniture/equipment,Bad
425,21,male,2,rent,little,moderate,2779,18,car,Good
426,29,male,2,own,little,,2743,28,radio/TV,Good
427,46,male,2,own,rich,,1149,18,radio/TV,Bad
428,20,male,2,own,little,,1313,9,furniture/equipment,Good
429,55,female,0,free,little,little,1190,18,repairs,Bad
430,74,male,1,own,little,,3448,5,business,Good
431,29,male,3,own,little,moderate,11328,24,vacation/others,Bad
432,36,male,3,free,little,little,1872,6,furniture/equipment,Good
433,33,male,2,own,little,,2058,24,repairs,Bad
434,25,male,2,own,little,little,2136,9,furniture/equipment,Bad
435,25,male,2,own,,moderate,1484,12,radio/TV,Bad
436,23,male,1,rent,quite rich,,660,6,repairs,Bad
437,37,female,2,own,rich,,1287,24,car,Bad
438,65,male,0,own,little,little,3394,42,repairs,Good
439,26,female,0,own,little,rich,609,12,business,Good
440,39,male,3,own,little,,1884,12,car,Good
441,30,female,2,own,little,little,1620,12,furniture/equipment,Bad
442,29,male,2,own,little,moderate,2629,20,vacation/others,Good
443,41,male,1,own,little,,719,12,education,Bad
444,30,female,3,own,little,moderate,5096,48,furniture/equipment,Bad
445,41,female,1,rent,,,1244,9,education,Good
446,34,female,2,own,little,little,1842,36,car,Good
447,35,male,2,own,little,moderate,2576,7,radio/TV,Bad
448,55,female,3,own,,rich,1424,12,furniture/equipment,Good
449,61,male,2,own,rich,moderate,1512,15,repairs,Bad
450,30,male,3,own,,,11054,36,car,Bad
451,29,female,2,own,little,,518,6,radio/TV,Bad
452,34,male,2,own,little,,2759,12,furniture/equipment,Bad
453,35,male,3,own,little,,2670,24,car,Bad
454,31,male,2,own,little,little,4817,24,car,Good
455,29,female,3,own,little,,2679,24,car,Good
456,36,male,2,rent,little,little,3905,11,car,Bad
457,35,male,2,free,little,little,3386,12,car,Bad
458,27,female,2,own,little,little,343,6,domestic appliances,Good
459,32,male,2,own,little,,4594,18,radio/TV,Good
460,37,male,2,own,little,little,3620,36,furniture/equipment,Bad
461,36,male,2,own,little,little,1721,15,car,Good
462,34,female,3,rent,little,moderate,3017,12,furniture/equipment,Bad
463,38,male,2,own,,moderate,754,12,education,Good
464,34,male,2,own,little,,1950,18,business,Bad
465,63,male,2,own,little,little,2924,24,car,Good
466,29,female,1,rent,little,little,1659,24,radio/TV,Bad
467,32,male,2,own,,,7238,48,radio/TV,Good
468,26,female,2,own,little,,2764,33,business,Good
469,35,male,1,own,little,,4679,24,car,Bad
470,22,male,2,rent,moderate,moderate,3092,24,radio/TV,Good
471,23,female,2,own,little,little,448,6,education,Bad
472,28,male,1,own,little,little,654,9,car,Good
473,36,male,3,own,,,1238,6,education,Bad
474,33,male,2,own,little,moderate,1245,18,radio/TV,Good
475,26,female,2,rent,little,little,3114,18,furniture/equipment,Bad
476,24,male,2,own,quite rich,,2569,39,car,Good
477,25,male,2,own,little,rich,5152,24,radio/TV,Bad
478,39,male,1,own,moderate,moderate,1037,12,business,Good
479,44,male,2,own,little,little,1478,15,furniture/equipment,Bad
480,23,female,1,own,little,moderate,3573,12,radio/TV,Bad
481,26,male,2,own,little,moderate,1201,24,car,Bad
482,57,female,2,rent,rich,little,3622,30,furniture/equipment,Good
483,30,female,2,own,rich,,960,15,furniture/equipment,Bad
484,44,male,2,own,quite rich,,1163,12,car,Good
485,47,male,3,own,little,moderate,1209,6,car,Bad
486,52,male,2,own,little,,3077,12,radio/TV,Good
487,62,female,2,free,little,,3757,24,car,Bad
488,35,male,1,rent,moderate,,1418,10,car,Good
489,26,male,2,rent,little,,3518,6,car,Good
490,26,male,2,own,little,,1934,12,radio/TV,Bad
491,42,female,3,free,little,moderate,8318,27,business,Good
492,27,female,2,own,moderate,,1237,6,radio/TV,Good
493,38,male,2,own,,moderate,368,6,radio/TV,Bad
494,39,male,1,rent,little,little,2122,12,car,Good
495,20,male,2,own,,little,2996,24,furniture/equipment,Good
496,29,male,3,rent,moderate,moderate,9034,36,furniture/equipment,Good
497,40,male,2,own,little,,1585,24,furniture/equipment,Bad
498,32,male,1,own,little,moderate,1301,18,radio/TV,Good
499,28,male,2,own,moderate,rich,1323,6,car,Bad
500,27,female,2,own,little,little,3123,24,car,Good
501,42,male,2,free,little,little,5493,36,car,Good
502,49,male,2,own,moderate,rich,1126,9,radio/TV,Good
503,38,male,2,own,moderate,moderate,1216,24,radio/TV,Bad
504,24,female,2,rent,little,little,1207,24,car,Good
505,27,male,1,own,,,1309,10,car,Good
506,36,male,2,own,quite rich,rich,2360,15,car,Bad
507,34,male,3,own,moderate,moderate,6850,15,car,Good
508,28,male,2,own,little,,1413,24,radio/TV,Bad
509,45,male,3,own,moderate,,8588,39,car,Bad
510,26,male,2,own,little,little,759,12,car,Good
511,32,male,3,free,little,,4686,36,car,Bad
512,26,male,2,rent,little,rich,2687,15,business,Good
513,20,male,2,rent,little,moderate,585,12,radio/TV,Bad
514,54,male,2,own,,,2255,24,car,Bad
515,37,female,2,own,little,little,609,6,car,Good
516,40,male,1,own,little,little,1361,6,car,Bad
517,23,female,2,rent,little,,7127,36,furniture/equipment,Bad
518,43,male,2,own,moderate,little,1203,6,car,Bad
519,36,male,2,free,,,700,6,radio/TV,Bad
520,44,male,2,free,little,,5507,24,repairs,Bad
521,24,female,2,own,little,little,3190,18,radio/TV,Good
522,53,male,2,free,little,little,7119,48,furniture/equipment,Bad
523,23,female,2,own,moderate,,3488,24,car,Good
524,26,female,1,own,little,moderate,1113,18,radio/TV,Bad
525,30,male,2,own,little,moderate,7966,26,car,Good
526,31,female,2,own,moderate,,1532,15,education,Good
527,42,male,1,own,little,,1503,4,radio/TV,Bad
528,31,male,2,rent,little,little,2302,36,radio/TV,Bad
529,41,male,1,own,little,little,662,6,car,Bad
530,32,male,2,own,little,moderate,2273,36,education,Good
531,28,female,2,rent,moderate,moderate,2631,15,car,Bad
532,41,male,2,rent,little,,1503,12,car,Good
533,26,male,2,own,moderate,,1311,24,radio/TV,Good
534,25,male,2,own,,,3105,24,radio/TV,Good
535,33,male,2,rent,little,rich,2319,21,education,Bad
536,75,female,3,own,,little,1374,6,car,Bad
537,37,female,2,own,little,moderate,3612,18,furniture/equipment,Good
538,42,male,3,free,little,little,7763,48,car,Good
539,45,female,1,own,little,rich,3049,18,furniture/equipment,Bad
540,23,male,2,rent,little,moderate,1534,12,radio/TV,Good
541,60,male,2,free,little,,2032,24,car,Bad
542,31,male,2,own,,little,6350,30,furniture/equipment,Good
543,34,male,1,own,little,rich,2864,18,furniture/equipment,Bad
544,61,male,1,own,little,,1255,12,car,Good
545,43,male,2,free,little,little,1333,24,car,Bad
546,37,female,2,own,little,,2022,24,car,Good
547,32,male,2,own,little,,1552,24,radio/TV,Bad
548,24,female,1,own,little,little,626,12,radio/TV,Bad
549,35,male,2,free,,,8858,48,car,Good
550,23,female,2,own,,,996,12,repairs,Good
551,45,male,1,own,quite rich,,1750,6,radio/TV,Bad
552,34,male,2,own,little,little,6999,48,radio/TV,Good
553,27,male,2,own,moderate,moderate,1995,12,car,Bad
554,67,female,3,own,little,moderate,1199,9,education,Good
555,22,male,2,own,little,moderate,1331,12,radio/TV,Bad
556,28,female,2,own,moderate,moderate,2278,18,car,Bad
557,29,female,2,own,,,5003,21,car,Bad
558,27,male,2,own,little,little,3552,24,furniture/equipment,Bad
559,31,male,1,own,little,moderate,1928,18,furniture/equipment,Bad
560,49,male,2,free,,little,2964,24,car,Bad
561,24,male,1,rent,little,little,1546,24,radio/TV,Good
562,29,female,2,own,little,rich,683,6,radio/TV,Good
563,37,male,2,free,,moderate,12389,36,car,Good
564,37,male,3,own,,moderate,4712,24,business,Bad
565,23,female,2,rent,moderate,moderate,1553,24,radio/TV,Bad
566,36,male,2,own,little,little,1372,12,car,Bad
567,34,male,2,own,rich,,2578,24,radio/TV,Bad
568,41,male,2,own,,moderate,3979,48,radio/TV,Good
569,31,female,2,own,little,little,6758,48,radio/TV,Good
570,23,female,1,rent,little,little,3234,24,furniture/equipment,Bad
571,38,male,2,own,little,,5954,30,radio/TV,Good
572,26,female,3,rent,,,5433,24,car,Good
573,22,female,1,own,little,little,806,15,business,Bad
574,27,male,1,own,little,moderate,1082,9,radio/TV,Good
575,24,female,2,own,little,,2788,15,furniture/equipment,Bad
576,27,female,2,own,little,moderate,2930,12,radio/TV,Good
577,33,female,2,own,,,1927,24,education,Bad
578,27,male,2,own,little,moderate,2820,36,car,Bad
579,27,male,1,own,little,,937,24,education,Bad
580,30,male,2,own,little,moderate,1056,18,car,Bad
581,49,male,1,own,little,moderate,3124,12,car,Good
582,26,female,2,rent,little,,1388,9,furniture/equipment,Bad
583,33,male,1,rent,little,moderate,2384,36,repairs,Bad
584,52,female,3,free,,,2133,12,car,Bad
585,20,female,2,rent,little,little,2039,18,furniture/equipment,Good
586,36,male,2,rent,little,little,2799,9,car,Bad
587,21,male,1,own,little,little,1289,12,furniture/equipment,Good
588,47,male,1,own,little,little,1217,18,domestic appliances,Bad
589,60,male,2,own,little,little,2246,12,furniture/equipment,Good
590,58,female,1,own,little,little,385,12,radio/TV,Good
591,42,female,2,rent,,moderate,1965,24,car,Bad
592,36,female,1,own,rich,,1572,21,business,Good
593,20,female,1,rent,little,moderate,2718,24,car,Bad
594,40,male,3,own,,little,1358,24,vacation/others,Bad
595,32,female,1,own,moderate,moderate,931,6,car,Bad
596,23,female,2,rent,little,little,1442,24,car,Good
597,36,male,1,own,little,moderate,4241,24,business,Good
598,31,male,2,own,little,,2775,18,car,Bad
599,32,male,2,free,little,,3863,24,business,Bad
600,45,female,2,own,little,moderate,2329,7,radio/TV,Good
601,30,female,2,own,little,moderate,918,9,furniture/equipment,Bad
602,34,female,1,free,little,moderate,1837,24,education,Bad
603,28,female,3,own,little,,3349,36,furniture/equipment,Bad
604,23,female,2,own,little,rich,1275,10,furniture/equipment,Good
605,22,male,2,own,quite rich,little,2828,24,furniture/equipment,Good
606,74,male,3,own,little,,4526,24,business,Good
607,50,female,2,free,moderate,moderate,2671,36,radio/TV,Bad
608,33,male,2,own,little,,2051,18,radio/TV,Bad
609,45,male,2,free,,,1300,15,car,Bad
610,22,female,2,own,moderate,little,741,12,domestic appliances,Good
611,48,female,1,free,moderate,rich,1240,10,car,Bad
612,29,female,2,own,rich,little,3357,21,radio/TV,Bad
613,22,female,2,rent,little,little,3632,24,car,Bad
614,22,female,2,own,little,,1808,18,furniture/equipment,Bad
615,48,male,3,own,,moderate,12204,48,business,Good
616,27,male,3,free,,moderate,9157,60,radio/TV,Good
617,37,male,2,rent,little,little,3676,6,car,Bad
618,21,female,2,rent,moderate,moderate,3441,30,furniture/equipment,Good
619,49,male,1,own,little,,640,12,car,Good
620,27,male,2,own,little,moderate,3652,21,business,Bad
621,32,male,2,own,little,,1530,18,car,Bad
622,38,male,2,own,,,3914,48,business,Good
623,22,female,2,rent,little,little,1858,12,furniture/equipment,Bad
624,65,male,2,free,little,little,2600,18,radio/TV,Good
625,35,male,2,own,,,1979,15,radio/TV,Bad
626,41,male,2,own,little,rich,2116,6,furniture/equipment,Good
627,29,male,2,own,moderate,moderate,1437,9,car,Bad
628,36,male,2,own,quite rich,,4042,42,furniture/equipment,Good
629,64,male,1,own,,,3832,9,education,Good
630,28,female,2,own,little,little,3660,24,radio/TV,Good
631,44,male,2,own,little,little,1553,18,furniture/equipment,Bad
632,23,male,2,own,,moderate,1444,15,radio/TV,Good
633,19,female,2,rent,little,,1980,9,furniture/equipment,Good
634,25,female,1,own,little,moderate,1355,24,car,Bad
635,47,male,2,own,little,,1393,12,education,Bad
636,28,female,2,own,quite rich,,1376,24,radio/TV,Good
637,21,male,2,own,little,,15653,60,radio/TV,Good
638,34,female,2,own,little,,1493,12,radio/TV,Bad
639,26,male,2,own,little,little,4370,42,radio/TV,Bad
640,27,female,0,own,little,little,750,18,education,Bad
641,38,male,1,own,little,moderate,1308,15,repairs,Bad
642,40,male,3,own,moderate,,4623,15,education,Bad
643,33,male,2,own,little,,1851,24,radio/TV,Good
644,32,male,3,own,little,little,1880,18,radio/TV,Bad
645,27,male,2,rent,,,7980,36,business,Good
646,32,male,2,own,little,little,4583,30,furniture/equipment,Good
647,26,female,2,own,quite rich,,1386,12,car,Good
648,38,male,2,free,little,rich,947,24,car,Bad
649,40,male,1,rent,little,little,684,12,education,Good
650,50,male,3,free,little,little,7476,48,education,Good
651,37,male,1,own,little,moderate,1922,12,furniture/equipment,Bad
652,45,male,2,own,little,little,2303,24,car,Good
653,42,male,3,own,moderate,moderate,8086,36,car,Good
654,35,male,2,own,little,,2346,24,car,Bad
655,22,male,2,free,little,little,3973,14,car,Good
656,41,male,1,own,little,moderate,888,12,car,Good
657,37,male,2,own,,,10222,48,radio/TV,Good
658,28,female,2,own,little,moderate,4221,30,business,Bad
659,41,male,2,own,little,moderate,6361,18,furniture/equipment,Bad
660,23,male,2,rent,little,rich,1297,12,radio/TV,Bad
661,23,male,2,own,,little,900,12,car,Good
662,50,male,2,own,little,,2241,21,furniture/equipment,Good
663,35,male,3,own,little,moderate,1050,6,furniture/equipment,Bad
664,50,female,1,own,little,rich,1047,6,education,Good
665,27,male,3,own,little,,6314,24,vacation/others,Good
666,34,male,2,own,rich,moderate,3496,30,furniture/equipment,Bad
667,27,female,2,own,little,,3609,48,business,Bad
668,43,male,2,rent,little,little,4843,12,car,Good
669,47,male,2,own,little,rich,3017,30,radio/TV,Good
670,27,male,1,own,moderate,,4139,24,business,Good
671,31,male,2,own,moderate,,5742,36,business,Bad
672,42,male,3,own,little,,10366,60,car,Bad
673,24,male,2,own,quite rich,,2080,6,car,Bad
674,41,male,1,own,quite rich,,2580,21,business,Bad
675,26,female,3,rent,little,,4530,30,radio/TV,Good
676,33,male,2,own,little,,5150,24,furniture/equipment,Bad
677,24,male,2,own,moderate,moderate,5595,72,radio/TV,Bad
678,64,male,1,rent,little,little,2384,24,radio/TV,Bad
679,26,female,2,own,little,,1453,18,radio/TV,Bad
680,56,female,2,own,little,,1538,6,education,Bad
681,37,male,2,free,,,2279,12,radio/TV,Good
682,33,male,2,own,little,,1478,15,radio/TV,Good
683,47,male,2,free,little,,5103,24,radio/TV,Bad
684,31,male,1,own,moderate,moderate,9857,36,business,Good
685,34,male,2,free,,,6527,60,car,Bad
686,27,male,2,own,,rich,1347,10,radio/TV,Bad
687,30,male,2,free,moderate,moderate,2862,36,car,Good
688,35,male,2,own,moderate,,2753,9,radio/TV,Good
689,31,male,2,own,rich,little,3651,12,car,Bad
690,25,male,2,own,little,little,975,15,furniture/equipment,Bad
691,25,female,1,own,moderate,moderate,2631,15,repairs,Bad
692,29,male,2,own,moderate,moderate,2896,24,radio/TV,Good
693,44,male,1,own,,little,4716,6,car,Bad
694,28,male,2,own,little,,2284,24,radio/TV,Bad
695,50,male,2,rent,quite rich,,1236,6,car,Bad
696,29,male,2,own,little,moderate,1103,12,radio/TV,Good
697,38,female,0,own,little,,926,12,car,Bad
698,24,male,2,own,little,,1800,18,radio/TV,Bad
699,40,male,3,rent,little,rich,1905,15,education,Good
700,29,female,1,rent,quite rich,,1123,12,furniture/equipment,Bad
701,46,male,2,free,little,little,6331,48,car,Bad
702,47,female,2,free,moderate,rich,1377,24,radio/TV,Good
703,41,male,2,own,moderate,moderate,2503,30,business,Bad
704,32,female,2,own,little,moderate,2528,27,business,Good
705,35,female,2,free,quite rich,,5324,15,car,Good
706,24,male,2,own,moderate,moderate,6560,48,car,Bad
707,25,female,2,rent,little,moderate,2969,12,furniture/equipment,Bad
708,25,female,2,own,little,moderate,1206,9,radio/TV,Bad
709,37,male,1,own,little,moderate,2118,9,radio/TV,Bad
710,32,male,3,own,quite rich,,629,18,radio/TV,Good
711,35,female,2,free,little,little,1198,6,education,Bad
712,46,male,3,own,,,2476,21,car,Good
713,25,male,1,own,little,little,1138,9,radio/TV,Bad
714,27,male,3,own,little,moderate,14027,60,car,Bad
715,63,male,2,own,,,7596,30,car,Bad
716,40,male,2,own,,,3077,30,radio/TV,Good
717,32,male,3,free,little,,1505,18,radio/TV,Bad
718,31,male,2,own,,rich,3148,24,radio/TV,Bad
719,31,male,2,own,moderate,moderate,6148,20,car,Bad
720,34,male,3,own,little,rich,1337,9,radio/TV,Bad
721,24,female,2,rent,rich,moderate,433,6,education,Good
722,24,female,1,own,little,little,1228,12,car,Bad
723,66,female,1,own,quite rich,moderate,790,9,radio/TV,Good
724,21,female,2,rent,little,,2570,27,car,Good
725,41,female,1,own,rich,,250,6,car,Good
726,47,male,1,own,quite rich,,1316,15,radio/TV,Good
727,25,female,2,rent,little,little,1882,18,radio/TV,Good
728,59,female,2,rent,little,moderate,6416,48,business,Good
729,36,male,2,own,rich,rich,1275,24,business,Bad
730,33,male,2,own,little,moderate,6403,24,radio/TV,Good
731,21,male,1,rent,little,little,1987,24,radio/TV,Good
732,44,female,1,own,little,moderate,760,8,radio/TV,Good
733,28,female,2,rent,rich,,2603,24,car,Bad
734,37,female,2,own,little,,3380,4,car,Bad
735,29,female,0,own,,moderate,3990,36,domestic appliances,Good
736,23,female,3,rent,little,moderate,11560,24,car,Bad
737,35,male,1,own,moderate,little,4380,18,car,Good
738,45,male,3,own,little,,6761,6,car,Good
739,26,female,1,rent,moderate,moderate,4280,30,business,Bad
740,32,male,2,own,moderate,little,2325,24,car,Good
741,23,male,1,own,little,moderate,1048,10,radio/TV,Bad
742,41,male,2,own,,,3160,21,radio/TV,Bad
743,22,male,2,own,quite rich,little,2483,24,furniture/equipment,Good
744,30,male,3,own,,little,14179,39,furniture/equipment,Good
745,28,male,1,own,little,little,1797,13,business,Bad
746,23,female,2,rent,little,little,2511,15,car,Good
747,37,female,1,own,little,little,1274,12,car,Good
748,26,male,2,own,,,5248,21,car,Good
749,33,male,2,own,little,,3029,15,car,Bad
750,49,female,2,own,little,little,428,6,furniture/equipment,Bad
751,23,female,1,own,little,little,976,18,car,Good
752,23,female,1,rent,moderate,moderate,841,12,business,Bad
753,25,female,2,own,little,,5771,30,radio/TV,Bad
754,55,male,2,free,rich,,1555,12,repairs,Bad
755,32,female,2,rent,,little,1285,24,car,Bad
756,74,male,0,own,little,rich,1299,6,car,Bad
757,39,male,2,free,,rich,1271,15,radio/TV,Good
758,31,male,2,own,little,,1393,24,car,Good
759,35,male,2,own,little,little,691,12,car,Good
760,59,female,2,own,,,5045,15,car,Bad
761,24,female,2,rent,little,little,2124,18,furniture/equipment,Bad
762,24,male,1,own,little,little,2214,12,radio/TV,Good
763,30,male,3,free,,,12680,21,car,Bad
764,27,male,2,own,moderate,,2463,24,car,Good
765,40,male,1,own,little,moderate,1155,12,radio/TV,Good
766,31,male,1,own,little,little,3108,30,furniture/equipment,Good
767,31,female,2,rent,,,2901,10,car,Bad
768,28,male,2,rent,little,moderate,3617,12,furniture/equipment,Bad
769,63,male,1,own,little,,1655,12,radio/TV,Good
770,26,female,2,rent,,little,2812,24,car,Good
771,25,female,3,own,little,little,8065,36,education,Good
772,36,male,3,own,little,,3275,21,car,Good
773,52,male,2,own,moderate,,2223,24,radio/TV,Bad
774,66,male,0,free,quite rich,rich,1480,12,car,Bad
775,25,female,2,rent,,little,1371,24,car,Good
776,37,male,2,own,little,,3535,36,car,Good
777,25,female,2,own,little,little,3509,18,radio/TV,Bad
778,38,male,3,own,rich,,5711,36,car,Bad
779,67,female,2,own,little,moderate,3872,18,repairs,Good
780,25,male,2,own,little,moderate,4933,39,radio/TV,Good
781,60,male,2,own,rich,,1940,24,car,Good
782,31,male,1,own,little,moderate,1410,12,education,Bad
783,23,female,1,own,moderate,moderate,836,12,car,Bad
784,60,male,3,own,,moderate,6468,20,car,Bad
785,35,male,1,own,rich,moderate,1941,18,business,Good
786,40,male,2,own,quite rich,,2675,22,radio/TV,Good
787,38,male,2,own,,,2751,48,car,Bad
788,50,male,2,free,little,moderate,6224,48,education,Bad
789,27,male,2,own,little,little,5998,40,education,Good
790,39,female,2,own,little,moderate,1188,21,business,Bad
791,41,male,3,own,,,6313,24,car,Bad
792,27,male,2,own,,,1221,6,furniture/equipment,Good
793,51,male,2,free,little,rich,2892,24,furniture/equipment,Bad
794,32,male,2,rent,quite rich,,3062,24,furniture/equipment,Good
795,22,female,2,rent,moderate,,2301,9,furniture/equipment,Good
796,51,male,2,free,,little,7511,18,car,Good
797,22,female,1,rent,little,,1258,12,furniture/equipment,Good
798,54,male,2,own,,,717,24,car,Good
799,35,male,0,own,,moderate,1549,9,car,Good
800,54,male,2,free,little,,1597,24,education,Good
801,48,female,1,rent,little,moderate,1795,18,radio/TV,Bad
802,24,female,2,own,little,little,4272,20,furniture/equipment,Good
803,35,male,2,own,,,976,12,radio/TV,Good
804,24,female,0,rent,,moderate,7472,12,car,Bad
805,24,male,2,own,little,little,9271,36,car,Bad
806,26,male,1,own,little,moderate,590,6,radio/TV,Bad
807,65,male,2,own,,,930,12,radio/TV,Good
808,55,male,3,free,little,moderate,9283,42,car,Bad
809,26,female,0,rent,little,moderate,1778,15,car,Good
810,26,male,2,own,little,moderate,907,8,business,Good
811,28,male,1,own,little,moderate,484,6,radio/TV,Good
812,24,male,2,own,little,little,9629,36,car,Good
813,54,male,2,own,little,little,3051,48,domestic appliances,Bad
814,46,male,2,free,little,little,3931,48,car,Bad
815,54,female,2,rent,little,moderate,7432,36,car,Good
816,62,male,2,own,quite rich,,1338,6,domestic appliances,Good
817,24,female,2,rent,little,,1554,6,radio/TV,Good
818,43,male,3,own,little,little,15857,36,vacation/others,Bad
819,26,male,2,own,little,little,1345,18,radio/TV,Good
820,27,male,2,own,little,,1101,12,car,Good
821,24,male,2,own,little,rich,3016,12,radio/TV,Bad
822,41,male,2,own,little,little,2712,36,furniture/equipment,Bad
823,47,male,1,own,little,little,731,8,car,Good
824,35,male,3,own,little,,3780,18,furniture/equipment,Bad
825,30,male,2,own,little,little,1602,21,car,Bad
826,33,female,2,rent,little,little,3966,18,car,Good
827,36,male,2,own,little,,4165,18,business,Bad
828,47,male,2,free,,little,8335,36,car,Good
829,38,male,2,free,,moderate,6681,48,business,Bad
830,44,male,2,own,quite rich,,2375,24,business,Good
831,23,female,2,rent,little,little,1216,18,car,Good
832,29,male,2,rent,little,little,11816,45,business,Good
833,42,female,2,own,,moderate,5084,24,radio/TV,Bad
834,25,female,1,own,little,rich,2327,15,radio/TV,Good
835,48,male,2,own,little,little,1082,12,car,Bad
836,21,female,2,own,,,886,12,radio/TV,Good
837,23,female,1,rent,little,,601,4,furniture/equipment,Good
838,63,male,2,own,little,little,2957,24,car,Bad
839,46,male,2,own,little,,2611,24,radio/TV,Good
840,29,male,2,own,little,little,5179,36,furniture/equipment,Good
841,28,male,1,own,little,,2993,21,car,Bad
842,23,female,2,own,little,,1943,18,repairs,Good
843,50,male,2,own,little,,1559,24,business,Good
844,47,male,2,own,little,,3422,18,furniture/equipment,Good
845,35,male,2,own,,moderate,3976,21,furniture/equipment,Good
846,68,male,2,rent,,,6761,18,car,Bad
847,28,male,2,own,little,,1249,24,car,Bad
848,59,male,2,own,little,little,1364,9,radio/TV,Good
849,57,male,1,own,little,little,709,12,radio/TV,Bad
850,33,male,2,rent,little,little,2235,20,car,Good
851,43,male,2,own,,,4042,24,car,Bad
852,35,male,2,free,little,,1471,15,radio/TV,Good
853,32,male,1,free,little,little,1442,18,car,Good
854,45,male,2,own,little,,10875,36,car,Good
855,33,male,2,own,moderate,,1474,24,car,Good
856,40,female,2,own,,,894,10,education,Good
857,28,male,2,free,little,,3343,15,furniture/equipment,Good
858,29,female,2,own,little,little,3959,15,car,Bad
859,26,male,2,rent,moderate,,3577,9,car,Good
860,27,male,2,own,rich,,5804,24,car,Bad
861,28,male,2,own,little,,2169,18,business,Good
862,35,female,2,own,little,little,2439,24,radio/TV,Bad
863,32,male,1,own,rich,,4526,27,furniture/equipment,Bad
864,25,male,1,rent,little,,2210,10,furniture/equipment,Bad
865,20,female,2,rent,quite rich,,2221,15,furniture/equipment,Good
866,27,female,2,own,little,little,2389,18,radio/TV,Good
867,42,male,2,own,little,,3331,12,furniture/equipment,Bad
868,37,male,2,own,,,7409,36,business,Good
869,24,female,2,rent,little,little,652,12,furniture/equipment,Bad
870,40,female,2,own,quite rich,,7678,36,furniture/equipment,Good
871,46,male,2,own,little,rich,1343,6,car,Bad
872,26,male,2,own,moderate,little,1382,24,business,Bad
873,24,female,2,own,,,874,15,domestic appliances,Good
874,29,male,1,own,little,little,3590,12,furniture/equipment,Bad
875,40,female,2,own,rich,moderate,1322,11,car,Good
876,36,male,3,free,little,little,1940,18,radio/TV,Bad
877,28,male,2,own,little,,3595,36,radio/TV,Bad
878,27,male,3,free,little,little,1422,9,car,Good
879,36,male,2,own,,,6742,30,radio/TV,Good
880,38,male,3,own,little,,7814,24,car,Good
881,48,male,2,free,,,9277,24,car,Bad
882,36,male,2,own,,moderate,2181,30,car,Good
883,65,female,0,own,little,,1098,18,radio/TV,Bad
884,43,male,2,own,little,moderate,4057,24,furniture/equipment,Bad
885,53,female,2,own,little,little,795,12,education,Good
886,34,male,2,own,,moderate,2825,24,business,Good
887,23,male,2,own,little,moderate,15672,48,business,Bad
888,34,male,3,own,little,,6614,36,car,Bad
889,40,male,2,rent,,,7824,28,car,Good
890,43,male,3,own,little,little,2442,27,business,Good
891,46,male,2,own,little,,1829,15,radio/TV,Good
892,38,male,1,own,little,little,2171,12,car,Good
893,34,male,2,own,little,moderate,5800,36,car,Good
894,29,male,2,own,,,1169,18,radio/TV,Bad
895,31,male,3,own,,,8947,36,car,Bad
896,28,female,3,rent,little,little,2606,21,radio/TV,Bad
897,35,female,2,own,rich,,1592,12,furniture/equipment,Bad
898,33,female,1,rent,,,2186,15,furniture/equipment,Good
899,42,male,2,own,little,little,4153,18,furniture/equipment,Good
900,43,male,2,rent,little,little,2625,16,car,Good
901,44,male,2,own,,,3485,20,car,Bad
902,42,male,2,free,,,10477,36,car,Bad
903,40,male,2,rent,,,1386,15,radio/TV,Good
904,36,male,3,own,little,,1278,24,radio/TV,Good
905,20,male,3,rent,little,little,1107,12,radio/TV,Bad
906,24,male,1,own,,little,3763,21,car,Bad
907,27,male,2,own,,moderate,3711,36,education,Good
908,46,female,1,own,little,,3594,15,car,Good
909,33,female,1,own,,moderate,3195,9,car,Bad
910,34,female,2,own,little,,4454,36,radio/TV,Good
911,25,female,1,own,little,moderate,4736,24,furniture/equipment,Good
912,25,female,2,own,,moderate,2991,30,radio/TV,Good
913,28,male,2,own,rich,,2142,11,business,Bad
914,31,male,2,rent,little,little,3161,24,business,Bad
915,32,female,3,own,little,moderate,18424,48,vacation/others,Bad
916,32,male,2,own,moderate,,2848,10,car,Bad
917,68,male,3,own,little,little,14896,6,car,Bad
918,33,male,2,own,moderate,little,2359,24,furniture/equipment,Bad
919,39,male,3,rent,little,little,3345,24,furniture/equipment,Bad
920,28,female,2,own,little,,1817,18,furniture/equipment,Good
921,37,male,3,own,quite rich,,12749,48,radio/TV,Good
922,22,female,2,rent,little,little,1366,9,radio/TV,Good
923,30,male,2,rent,little,moderate,2002,12,car,Good
924,55,male,2,own,little,little,6872,24,furniture/equipment,Good
925,46,male,2,own,little,little,697,12,car,Good
926,21,female,2,rent,little,little,1049,18,furniture/equipment,Good
927,39,male,2,free,little,little,10297,48,car,Bad
928,58,male,2,own,,,1867,30,radio/TV,Bad
929,43,male,1,own,little,little,1344,12,car,Good
930,24,male,1,own,little,little,1747,24,furniture/equipment,Good
931,22,female,2,own,little,moderate,1670,9,radio/TV,Bad
932,30,male,2,own,little,,1224,9,car,Good
933,42,male,2,own,quite rich,,522,12,radio/TV,Good
934,23,female,2,own,little,little,1498,12,radio/TV,Bad
935,30,male,3,own,moderate,moderate,1919,30,radio/TV,Good
936,28,female,1,own,little,rich,745,9,radio/TV,Bad
937,30,male,3,rent,little,moderate,2063,6,radio/TV,Good
938,42,male,2,free,little,moderate,6288,60,education,Bad
939,46,male,3,own,,,6842,24,car,Bad
940,45,male,3,own,,,3527,12,car,Bad
941,31,male,1,own,little,,1546,10,car,Good
942,31,male,2,own,,,929,24,furniture/equipment,Bad
943,42,male,1,own,little,,1455,4,car,Good
944,46,female,2,rent,little,little,1845,15,furniture/equipment,Good
945,30,female,2,own,quite rich,moderate,8358,48,car,Good
946,30,male,2,free,quite rich,little,3349,24,furniture/equipment,Good
947,38,male,3,own,,,2859,12,car,Bad
948,43,male,1,own,little,,1533,18,furniture/equipment,Bad
949,31,male,2,own,moderate,,3621,24,radio/TV,Good
950,40,male,0,own,little,moderate,3590,18,business,Good
951,24,male,2,own,little,little,2145,36,business,Bad
952,28,female,2,rent,quite rich,moderate,4113,24,car,Good
953,26,female,3,own,little,,10974,36,furniture/equipment,Bad
954,29,female,2,own,little,little,1893,12,car,Good
955,57,female,3,rent,rich,little,1231,24,radio/TV,Good
956,49,male,1,own,,rich,3656,30,radio/TV,Bad
957,37,male,1,own,little,moderate,1154,9,radio/TV,Good
958,45,male,1,own,little,little,4006,28,car,Bad
959,30,male,2,free,moderate,moderate,3069,24,furniture/equipment,Good
960,30,male,2,rent,little,,1740,6,radio/TV,Good
961,47,male,2,own,little,moderate,2353,21,car,Good
962,29,male,2,own,,,3556,15,car,Bad
963,35,male,2,own,quite rich,,2397,24,radio/TV,Good
964,22,male,1,own,little,moderate,454,6,repairs,Good
965,26,female,2,own,,moderate,1715,30,radio/TV,Good
966,23,male,1,own,quite rich,moderate,2520,27,radio/TV,Good
967,54,female,3,rent,little,,3568,15,radio/TV,Bad
968,29,male,2,rent,,,7166,42,radio/TV,Bad
969,40,male,1,own,little,little,3939,11,car,Good
970,22,male,2,own,moderate,moderate,1514,15,repairs,Bad
971,43,male,1,own,little,,7393,24,car,Good
972,29,female,0,rent,little,little,1193,24,car,Good
973,36,male,2,rent,little,little,7297,60,business,Good
974,33,female,2,own,little,,2831,30,radio/TV,Bad
975,57,female,1,own,quite rich,rich,1258,24,radio/TV,Bad
976,64,female,2,own,little,moderate,753,6,radio/TV,Bad
977,42,male,2,own,,moderate,2427,18,business,Bad
978,47,male,1,own,little,,2538,24,car,Bad
979,25,male,2,rent,moderate,moderate,1264,15,car,Bad
980,49,male,2,own,little,moderate,8386,30,furniture/equipment,Bad
981,33,male,3,rent,little,,4844,48,business,Bad
982,28,female,3,own,moderate,rich,2923,21,car,Bad
983,26,male,2,own,little,little,8229,36,car,Good
984,30,male,1,own,little,,2028,24,furniture/equipment,Bad
985,25,female,2,rent,little,little,1433,15,furniture/equipment,Bad
986,33,male,2,own,little,rich,6289,42,business,Bad
987,64,female,2,own,moderate,,1409,13,radio/TV,Bad
988,29,male,3,free,little,little,6579,24,car,Bad
989,48,male,1,own,little,moderate,1743,24,radio/TV,Bad
990,37,male,1,own,,,3565,12,education,Bad
991,34,male,1,own,moderate,,1569,15,radio/TV,Bad
992,23,male,1,rent,,little,1936,18,radio/TV,Bad
993,30,male,3,own,little,little,3959,36,furniture/equipment,Bad
994,50,male,2,own,,,2390,12,car,Bad
995,31,female,1,own,little,,1736,12,furniture/equipment,Good
996,40,male,3,own,little,little,3857,30,car,Good
997,38,male,2,own,little,,804,12,radio/TV,Bad
998,23,male,2,free,little,little,1845,45,radio/TV,Bad
999,27,male,2,own,moderate,moderate,4576,45,car,Good
